Economy	economi	Economy
slows	slow	slows
in	in	in
Germany	germani	Germany
.	.	.

FRANKFURT	frankfurt	FRANKFURT
The	the	The
German	german	German
economy	economi	economy
slowed	slow	slowed
in	in	in
the	the	the
third	third	third
quarter,	quarter,	quarter,
the	the	the
government	govern	government
said	said	said
Thursday,	thursday,	Thursday,
amid	amid	amid
signs	sign	sign
that	that	that
the	the	the
rise	rise	rise
in	in	in
the	the	the
euro	euro	euro
is	is	is
taking	take	taking
a	a	a
toll	toll	toll
on	on	on
exports	export	export
.	.	.

